plant_id,family,planting_event,tray,rhizobia_treatment,dicamba_treatment,pre_leaf_num,pre_leaf_size,post48hr_leaf_num,post48hr_num_deformed,post3wk_death,num_nodules_pic1,num_nodules_pic2,num_nodules_pic3,num_nodules_pic4,num_nodules_pic5,num_nodules_pic6,num_nodules_pic7,num_nodules_pic8,num_nodules_pic9,num_nodules_pic10,num_nodules_pic11,num_nodules_pic12,num_nodules_pic13,total_nodules,shoot_biomass,root_biomass,Cornell_delta_15N,nodules_biomass_mg,num_nodules_weighed
AUT57-10,AUT57,A,5,uninoculated,control,6,19,9,0,NA,0,0,0,0,0,0,0,0,0,0,0,0,0,0,0.08,0.102,4.05,NA,NA
AUT57-12,AUT57,A,2,strain_14479,drift,12,23.34,18,18,NA,313,129,0,0,0,0,0,0,0,0,0,0,0,442,0.647,0.141,-0.61,0.465,9
AUT57-14,AUT57,A,7,strain_14479,control,12,23.89,15,3,NA,75,123,150,148,160,152,117,252,184,222,0,0,0,1583,1.523,0.716,-1.2,0.688,10
AUT57-15,AUT57,A,5,uninoculated,drift,18,16.19,21,0,NA,NA,NA,NA,NA,NA,NA,NA,NA,NA,NA,NA,NA,NA,NA,NA,NA,NA,NA,NA
AUT57-16,AUT57,A,7,strain_14479,drift,9,13.48,9,9,NA,188,0,0,0,0,0,0,0,0,0,0,0,0,188,0.143,0.026,-1.11,0.363,8
AUT57-19,AUT57,A,2,strain_14479,control,18,22.99,21,3,NA,164,134,124,206,151,0,0,0,0,0,0,0,0,779,1.204,0.531,-1.2,0.826,9
AUT57-20,AUT57,A,3,strain_4386,control,10,23.72,30,1,NA,NA,NA,NA,NA,NA,NA,NA,NA,NA,NA,NA,NA,NA,NA,NA,NA,NA,15.206,44
AUT57-21,AUT57,A,8,strain_4386,drift,21,23.49,21,0,NA,12,55,0,0,0,0,0,0,0,0,0,0,0,67,0.339,0.177,-0.1,1.478,10
AUT57-22,AUT57,A,8,strain_4386,control,18,25.67,18,12,NA,15,11,6,39,7,6,38,68,0,0,0,0,0,190,1.201,0.559,-0.56,0.658,9
AUT57-23,AUT57,A,3,strain_4386,drift,6,16.37,6,6,NA,120,0,0,0,0,0,0,0,0,0,0,0,0,120,0.122,0.022,-0.17,1.01,10
AUT57-27,AUT57,A,9,uninoculated,drift,21,23.82,18,6,NA,0,0,0,0,0,0,0,0,0,0,0,0,0,0,0.288,0.229,0.9,NA,NA
AUT57-28,AUT57,A,9,uninoculated,control,9,21.33,12,0,NA,0,0,0,0,0,0,0,0,0,0,0,0,0,0,0.129,0.089,1.34,NA,NA
AUT57-29,AUT57,A,1,uninoculated,control,18,23.66,15,0,NA,0,0,0,0,0,0,0,0,0,0,0,0,0,0,0.183,0.216,0.82,NA,NA
AUT57-30,AUT57,A,7,strain_14479,drift,24,27.22,27,24,NA,NA,NA,NA,NA,NA,NA,NA,NA,NA,NA,NA,NA,NA,NA,NA,NA,NA,NA,NA
AUT57-31,AUT57,B,23,strain_4386,drift,12,21.01,15,6,NA,8,2,0,0,0,0,0,0,0,0,0,0,0,10,0.22,0.106,1.39,0.854,10
AUT57-32,AUT57,B,19,strain_14479,drift,18,20.56,18,6,NA,31,117,0,0,0,0,0,0,0,0,0,0,0,148,0.359,0.118,-0.24,1.058,10
AUT57-33,AUT57,B,12,uninoculated,drift,12,9.19,12,3,NA,0,0,0,0,0,0,0,0,0,0,0,0,0,0,0.055,0.038,1.74,NA,NA
AUT57-35,AUT57,B,15,strain_14479,drift,6,6.05,7,6,NA,0,0,0,0,0,0,0,0,0,0,0,0,0,0,0.021,0.006,1.15,NA,NA
AUT57-36,AUT57,B,15,strain_14479,control,15,15.54,15,3,NA,70,43,123,110,0,0,0,0,0,0,0,0,0,346,0.619,0.194,-0.58,1.649,10
AUT57-37,AUT57,B,23,strain_4386,control,9,11.78,12,0,NA,10,17,0,0,0,0,0,0,0,0,0,0,0,27,0.17,0.043,-0.03,1.26,10
AUT57-38,AUT57,B,22,strain_4386,drift,12,10.13,15,6,NA,6,0,0,0,0,0,0,0,0,0,0,0,0,6,0.117,0.047,2.46,1.533,6
AUT57-39,AUT57,B,12,uninoculated,control,15,23.57,18,0,NA,0,0,0,0,0,0,0,0,0,0,0,0,0,0,0.333,0.231,3.2,NA,NA
AUT57-40,AUT57,B,12,uninoculated,control,21,24.03,21,0,NA,0,0,0,0,0,0,0,0,0,0,0,0,0,0,0.524,0.597,1.73,NA,NA
AUT57-41,AUT57,B,18,strain_4386,control,9,14.51,6,6,NA,NA,NA,NA,NA,NA,NA,NA,NA,NA,NA,NA,NA,NA,NA,NA,NA,NA,NA,NA
AUT57-42,AUT57,B,19,strain_14479,control,15,24.41,18,0,NA,119,186,202,169,156,119,31,0,0,0,0,0,0,982,1.877,0.537,-0.36,1.02,10
AUT57-43,AUT57,C,34,uninoculated,drift,32,26.57,30,15,NA,0,0,0,0,0,0,0,0,0,0,0,0,0,0,0.415,0.256,NA,NA,NA
AUT57-45,AUT57,C,36,strain_4386,drift,18,28.36,24,9,NA,15,28,14,13,0,0,0,0,0,0,0,0,0,70,0.523,0.245,1.2,0.679,8
AUT57-46,AUT57,C,38,uninoculated,drift,21,32.74,24,15,NA,2,3,0,2,0,0,0,0,0,0,0,0,0,7,0.911,0.599,2.52,NA,NA
AUT57-47,AUT57,C,36,strain_4386,control,12,21.74,9,0,NA,28,24,19,0,0,0,0,0,0,0,0,0,0,71,0.27,0.155,3.69,0.936,9
AUT57-48,AUT57,C,34,uninoculated,control,15,23.36,18,0,NA,0,0,0,0,0,0,0,0,0,0,0,0,0,0,0.606,0.336,4.03,NA,NA
AUT57-49,AUT57,C,38,uninoculated,control,24,30.27,27,0,NA,0,0,0,0,0,0,0,0,0,0,0,0,0,0,0.781,0.774,2.19,NA,NA
AUT57-50,AUT57,C,37,strain_14479,drift,21,26.06,21,3,NA,74,133,138,125,106,78,0,0,0,0,0,0,0,654,1.078,0.377,0.24,1.041,9
AUT57-51,AUT57,C,37,strain_14479,control,21,28.27,24,0,NA,114,103,128,163,111,41,0,0,0,0,0,0,0,660,2.952,0.471,-0.16,1.73,9
AUT57-52,AUT57,C,36,strain_4386,control,21,25.01,24,0,NA,38,53,123,42,35,22,32,16,0,0,0,0,0,361,1.721,0.389,0.65,1.253,10
AUT57-53,AUT57,C,37,strain_14479,drift,21,23.07,24,12,NA,139,98,163,0,0,0,0,0,0,0,0,0,0,400,0.922,0.225,1.03,0.91,9
AUT57-9,AUT57,A,1,uninoculated,drift,15,25.09,15,0,NA,0,0,0,0,0,0,0,0,0,0,0,0,0,0,0.187,0.178,1.15,NA,NA
AUT64-19,AUT64,A,9,uninoculated,drift,15,22.67,15,15,NA,0,0,0,0,0,0,0,0,0,0,0,0,0,0,0.205,0.201,NA,NA,NA
AUT64-25,AUT64,A,3,strain_4386,control,12,20.48,12,1,NA,58,32,102,0,0,0,0,0,0,0,0,0,0,192,0.529,0.304,-0.83,1.07,10
AUT64-30,AUT64,A,3,strain_4386,drift,9,15.01,12,6,NA,NA,NA,NA,NA,NA,NA,NA,NA,NA,NA,NA,NA,NA,NA,NA,NA,NA,NA,NA
AUT64-38,AUT64,B,18,strain_4386,drift,3,6.86,4,0,NA,NA,NA,NA,NA,NA,NA,NA,NA,NA,NA,NA,NA,NA,NA,0.02,NA,-0.3,NA,NA
AUT64-40,AUT64,B,22,strain_4386,control,3,8.87,6,0,NA,NA,NA,NA,NA,NA,NA,NA,NA,NA,NA,NA,NA,NA,NA,0.024,NA,-1.04,NA,NA
AUT64-43,AUT64,C,39,uninoculated,control,16,33.84,19,0,NA,NA,NA,NA,NA,NA,NA,NA,NA,NA,NA,NA,NA,NA,NA,0.425,NA,NA,NA,NA
AUT64-45,AUT64,C,39,uninoculated,drift,21,32.23,21,6,NA,NA,NA,NA,NA,NA,NA,NA,NA,NA,NA,NA,NA,NA,NA,NA,NA,NA,NA,NA
CAN39-100,CAN39,C,27,strain_4386,control,4,7.47,3,0,NA,2,0,0,0,0,0,0,0,0,0,0,0,0,2,0.012,0.014,3.25,0.393,10
CAN39-103,CAN39,C,27,strain_4386,drift,7,8.78,3,0,NA,NA,NA,NA,NA,NA,NA,NA,NA,NA,NA,NA,NA,NA,NA,NA,NA,NA,NA,NA
CAN39-104,CAN39,B,11,strain_14479,control,6,7.16,13,0,NA,73,0,0,0,0,0,0,0,0,0,0,0,0,73,0.1,0.05,-1.11,1.543,10
CAN39-105,CAN39,B,13,strain_4386,drift,6,8.65,7,3,NA,NA,NA,NA,NA,NA,NA,NA,NA,NA,NA,NA,NA,NA,NA,NA,NA,NA,NA,NA
CAN39-106,CAN39,C,40,strain_4386,control,12,16.53,9,0,NA,3,1,17,0,0,0,0,0,0,0,0,0,0,21,0.2,0.132,0.57,3.645,10
CAN39-108,CAN39,C,36,strain_4386,drift,19,16.61,22,6,NA,NA,NA,NA,NA,NA,NA,NA,NA,NA,NA,NA,NA,NA,NA,NA,NA,NA,NA,NA
CAN39-109,CAN39,C,35,strain_4386,control,15,11.38,9,3,NA,5,16,0,0,0,0,0,0,0,0,0,0,0,21,0.131,0.12,0.4,3.08,10
CAN39-11,CAN39,A,1,uninoculated,control,12,19.08,12,0,NA,0,0,0,0,0,0,0,0,0,0,0,0,0,0,0.151,0.149,1.96,NA,NA
CAN39-110,CAN39,C,28,strain_14479,drift,6,10.6,6,3,NA,28,0,0,0,0,0,0,0,0,0,0,0,0,28,0.036,NA,NA,NA,NA
CAN39-111,CAN39,C,32,strain_14479,control,9,9.12,6,0,NA,NA,NA,NA,NA,NA,NA,NA,NA,NA,NA,NA,NA,NA,NA,0.328,NA,-0.26,NA,NA
CAN39-112,CAN39,B,21,uninoculated,drift,6,7.4,3,3,NA,0,0,0,0,0,0,0,0,0,0,0,0,0,0,0.026,0.009,3.12,NA,NA
CAN39-114,CAN39,C,30,uninoculated,drift,3,4.95,3,0,NA,NA,NA,NA,NA,NA,NA,NA,NA,NA,NA,NA,NA,NA,NA,NA,NA,NA,NA,NA
CAN39-115,CAN39,B,13,strain_4386,control,6,6.89,9,6,NA,0,0,0,0,0,0,0,0,0,0,0,0,0,0,0.008,0.015,-0.67,NA,NA
CAN39-116,CAN39,C,41,strain_14479,control,3,6.04,6,0,NA,NA,NA,NA,NA,NA,NA,NA,NA,NA,NA,NA,NA,NA,NA,NA,NA,NA,NA,NA
CAN39-117,CAN39,B,14,strain_4386,drift,3,8.1,6,3,NA,1,0,0,0,0,0,0,0,0,0,0,0,0,1,0.015,0.014,NA,0.05,1
CAN39-128,CAN39,C,27,strain_4386,control,3,5.93,3,0,NA,NA,NA,NA,NA,NA,NA,NA,NA,NA,NA,NA,NA,NA,NA,NA,NA,NA,NA,NA
CAN39-129,CAN39,C,32,strain_14479,drift,3,5.58,3,0,NA,NA,NA,NA,NA,NA,NA,NA,NA,NA,NA,NA,NA,NA,NA,NA,NA,NA,NA,NA
CAN39-132,CAN39,C,41,strain_14479,drift,6,6.54,3,3,NA,NA,NA,NA,NA,NA,NA,NA,NA,NA,NA,NA,NA,NA,NA,NA,NA,NA,NA,NA
CAN39-134,CAN39,C,36,strain_4386,control,6,10.07,6,0,NA,10,0,0,0,0,0,0,0,0,0,0,0,0,10,0.183,0.038,1.55,2.497,10
CAN39-136,CAN39,B,18,strain_4386,control,9,7.33,9,6,NA,0,0,0,0,0,0,0,0,0,0,0,0,0,0,0.033,0.007,0.45,NA,NA
CAN39-137,CAN39,C,36,strain_4386,control,6,3.74,6,0,NA,NA,NA,NA,NA,NA,NA,NA,NA,NA,NA,NA,NA,NA,NA,NA,NA,NA,NA,NA
CAN39-139,CAN39,C,32,strain_14479,drift,3,4.4,3,0,NA,NA,NA,NA,NA,NA,NA,NA,NA,NA,NA,NA,NA,NA,NA,NA,NA,NA,NA,NA
CAN39-16,CAN39,A,6,strain_14479,drift,12,21.58,15,11,NA,NA,NA,NA,NA,NA,NA,NA,NA,NA,NA,NA,NA,NA,NA,NA,NA,NA,NA,NA
CAN39-23,CAN39,A,8,strain_4386,control,12,23.58,9,0,NA,28,32,35,43,38,36,61,64,76,56,0,0,0,469,1.683,0.918,-0.92,1.068,10
CAN39-28,CAN39,A,8,strain_4386,drift,9,12.15,9,3,NA,NA,NA,NA,NA,NA,NA,NA,NA,NA,NA,NA,NA,NA,NA,NA,NA,NA,NA,NA
CAN39-33,CAN39,B,19,strain_14479,drift,6,9.1,6,6,NA,17,0,0,0,0,0,0,0,0,0,0,0,0,17,0.099,0.123,NA,1.796,10
CAN39-34,CAN39,B,11,strain_14479,drift,6,4.92,6,3,NA,NA,NA,NA,NA,NA,NA,NA,NA,NA,NA,NA,NA,NA,NA,NA,NA,NA,NA,NA
CAN39-37,CAN39,B,18,strain_4386,drift,6,7.41,6,6,NA,4,0,0,0,0,0,0,0,0,0,0,0,0,4,0.024,0.006,1.15,0.529,4
CAN39-38,CAN39,B,19,strain_14479,control,6,7,7,0,NA,76,0,0,0,0,0,0,0,0,0,0,0,0,76,0.187,0.037,-0.85,1.562,10
CAN39-39,CAN39,B,16,uninoculated,drift,9,12.14,9,6,NA,NA,NA,NA,NA,NA,NA,NA,NA,NA,NA,NA,NA,NA,NA,NA,NA,NA,NA,NA
CAN39-40,CAN39,B,21,uninoculated,control,6,7.23,10,0,NA,0,0,0,0,0,0,0,0,0,0,0,0,0,0,0.033,0.029,2,NA,NA
CAN39-41,CAN39,B,24,strain_14479,control,12,19.72,15,0,NA,49,56,65,28,0,0,0,0,0,0,0,0,0,198,0.977,0.386,-0.44,1.256,10
CAN39-42,CAN39,B,11,strain_14479,drift,12,19.12,15,6,NA,NA,NA,NA,NA,NA,NA,NA,NA,NA,NA,NA,NA,NA,NA,NA,NA,NA,NA,NA
CAN39-44,CAN39,C,28,strain_14479,control,9,6.77,9,0,NA,24,0,0,0,0,0,0,0,0,0,0,0,0,24,0.051,0.015,0.51,1.899,9
CAN39-46,CAN39,C,32,strain_14479,control,24,22.11,24,24,NA,160,92,60,189,0,0,0,0,0,0,0,0,0,501,1.071,0.291,-0.57,1.915,10
CAN39-49,CAN39,C,39,uninoculated,control,9,7.86,NA,NA,NA,0,0,0,0,0,0,0,0,0,0,0,0,0,0,0.047,0.007,3.88,NA,NA
CAN39-50,CAN39,C,39,uninoculated,drift,12,11.45,12,12,NA,0,0,0,0,0,0,0,0,0,0,0,0,0,0,0.048,0.042,NA,NA,NA
CAN39-51,CAN39,C,37,strain_14479,control,9,7.81,6,3,NA,NA,NA,NA,NA,NA,NA,NA,NA,NA,NA,NA,NA,NA,NA,0.239,NA,-0.08,NA,NA
CAN39-52,CAN39,C,40,strain_4386,drift,12,11.38,12,12,NA,NA,NA,NA,NA,NA,NA,NA,NA,NA,NA,NA,NA,NA,NA,NA,NA,NA,NA,NA
CAN39-58,CAN39,A,9,uninoculated,control,9,15.18,9,0,NA,0,0,0,0,0,0,0,0,0,0,0,0,0,0,0.065,0.021,2.02,NA,NA
CAN39-61,CAN39,A,1,uninoculated,drift,12,18.24,12,8,NA,NA,NA,NA,NA,NA,NA,NA,NA,NA,NA,NA,NA,NA,NA,NA,NA,NA,NA,NA
CAN39-64,CAN39,A,7,strain_14479,drift,15,19.9,18,12,NA,NA,NA,NA,NA,NA,NA,NA,NA,NA,NA,NA,NA,NA,NA,NA,NA,NA,NA,NA
CAN39-66,CAN39,A,9,uninoculated,drift,12,23.45,12,5,NA,0,0,0,0,0,0,0,0,0,0,0,0,0,0,0.196,NA,1.16,NA,NA
CAN39-67,CAN39,A,6,strain_14479,control,15,24.57,15,3,NA,54,43,91,106,106,77,160,282,286,0,0,0,0,1205,2.48,1.036,-0.9,1.169,9
CAN39-72,CAN39,A,9,uninoculated,control,24,28.6,27,0,NA,0,0,0,0,0,0,0,0,0,0,0,0,0,0,0.571,0.364,0.64,NA,NA
CAN39-73,CAN39,A,7,strain_14479,control,15,22.3,18,0,NA,168,239,271,302,407,0,0,0,0,0,0,0,0,1387,1.071,0.408,-0.93,0.505,9
CAN39-79,CAN39,B,21,uninoculated,drift,6,5.23,6,3,NA,NA,NA,NA,NA,NA,NA,NA,NA,NA,NA,NA,NA,NA,NA,NA,NA,NA,NA,NA
CAN39-80,CAN39,B,16,uninoculated,control,15,20.16,12,0,NA,0,0,0,0,0,0,0,0,0,0,0,0,0,0,0.136,0.147,2.61,NA,NA
CAN39-81,CAN39,B,17,uninoculated,control,3,4.25,3,0,NA,NA,NA,NA,NA,NA,NA,NA,NA,NA,NA,NA,NA,NA,NA,NA,NA,NA,NA,NA
CAN39-82,CAN39,B,17,uninoculated,drift,6,3.89,3,0,NA,NA,NA,NA,NA,NA,NA,NA,NA,NA,NA,NA,NA,NA,NA,NA,NA,NA,NA,NA
CAN39-83,CAN39,B,24,strain_14479,drift,3,4.33,3,3,NA,NA,NA,NA,NA,NA,NA,NA,NA,NA,NA,NA,NA,NA,NA,NA,NA,NA,NA,NA
CAN39-84,CAN39,B,18,strain_4386,control,6,4.23,6,0,NA,NA,NA,NA,NA,NA,NA,NA,NA,NA,NA,NA,NA,NA,NA,NA,NA,NA,NA,NA
CAN39-95,CAN39,C,30,uninoculated,control,24,28.63,15,0,NA,2,6,2,3,10,6,6,0,0,0,0,0,0,35,0.683,0.409,3.47,NA,NA
CAN39-96,CAN39,C,35,strain_4386,drift,12,29.59,12,6,NA,NA,NA,NA,NA,NA,NA,NA,NA,NA,NA,NA,NA,NA,NA,NA,NA,NA,NA,NA
CAN66-12,CAN66,A,2,strain_14479,control,9,14.96,12,0,NA,61,46,66,64,105,0,0,0,0,0,0,0,0,342,0.722,0.336,-0.65,1.59,10
CAN66-15,CAN66,A,2,strain_14479,drift,12,20.85,12,6,NA,51,36,83,0,0,0,0,0,0,0,0,0,0,170,0.531,0.19,-1.24,0.793,11
CAN66-24,CAN66,A,9,uninoculated,drift,12,25.69,18,0,NA,0,0,0,0,0,0,0,0,0,0,0,0,0,0,0.154,0.103,1.45,NA,NA
CAN66-27,CAN66,A,2,strain_14479,drift,12,17.18,18,18,NA,73,39,28,0,0,0,0,0,0,0,0,0,0,140,0.583,0.222,-0.83,1.591,9
CAN66-29,CAN66,A,9,uninoculated,control,6,9.51,3,0,NA,0,0,0,0,0,0,0,0,0,0,0,0,0,0,0.02,0.019,NA,NA,NA
CAN66-33,CAN66,B,20,strain_14479,control,18,27.07,18,0,NA,NA,NA,NA,NA,NA,NA,NA,NA,NA,NA,NA,NA,NA,NA,0.848,NA,-0.46,NA,NA
CAN66-39,CAN66,B,20,strain_14479,drift,15,24.86,12,3,NA,NA,NA,NA,NA,NA,NA,NA,NA,NA,NA,NA,NA,NA,NA,0.538,NA,0.55,NA,NA
CAN66-49,CAN66,C,29,uninoculated,control,21,25.42,21,0,NA,NA,NA,NA,NA,NA,NA,NA,NA,NA,NA,NA,NA,NA,NA,0.471,NA,2.53,NA,NA
CAN66-51,CAN66,C,29,uninoculated,drift,42,20.92,39,12,NA,NA,NA,NA,NA,NA,NA,NA,NA,NA,NA,NA,NA,NA,NA,0.706,NA,2.92,NA,NA
FRA76-11,FRA76,A,10,uninoculated,full,12,15.89,12,12,Y,NA,NA,NA,NA,NA,NA,NA,NA,NA,NA,NA,NA,NA,NA,NA,NA,NA,NA,NA
FRA76-13,FRA76,A,10,uninoculated,full,6,12.76,3,3,Y,NA,NA,NA,NA,NA,NA,NA,NA,NA,NA,NA,NA,NA,NA,NA,NA,NA,NA,NA
FRA76-16,FRA76,A,10,uninoculated,full,6,13.11,6,6,Y,NA,NA,NA,NA,NA,NA,NA,NA,NA,NA,NA,NA,NA,NA,NA,NA,NA,NA,NA
FRA76-8,FRA76,A,10,uninoculated,full,15,23.94,15,9,Y,NA,NA,NA,NA,NA,NA,NA,NA,NA,NA,NA,NA,NA,NA,NA,NA,NA,NA,NA
GRC52-100,GRC52,C,38,uninoculated,drift,12,13.37,12,6,NA,NA,NA,NA,NA,NA,NA,NA,NA,NA,NA,NA,NA,NA,NA,NA,NA,NA,NA,NA
GRC52-101,GRC52,B,21,uninoculated,control,12,13.3,15,4,NA,0,0,0,0,0,0,0,0,0,0,0,0,0,0,0.244,0.263,NA,NA,NA
GRC52-109,GRC52,C,36,strain_4386,drift,6,15.29,3,3,NA,NA,NA,NA,NA,NA,NA,NA,NA,NA,NA,NA,NA,NA,NA,NA,NA,NA,NA,NA
GRC52-111,GRC52,B,11,strain_14479,drift,12,18.01,12,6,NA,16,24,0,0,0,0,0,0,0,0,0,0,0,40,0.37,0.003,1.18,1.435,10
GRC52-113,GRC52,B,14,strain_4386,drift,9,7.56,6,0,NA,0,0,0,0,0,0,0,0,0,0,0,0,0,0,0.055,0.033,4.91,NA,NA
GRC52-12,GRC52,A,6,strain_14479,drift,9,21.21,12,6,NA,72,106,64,12,0,0,0,0,0,0,0,0,0,254,0.154,0.094,-0.96,0.337,10
GRC52-131,GRC52,B,21,uninoculated,drift,9,5.91,6,6,NA,0,0,0,0,0,0,0,0,0,0,0,0,0,0,0.008,NA,NA,NA,NA
GRC52-15,GRC52,A,9,uninoculated,control,9,16.4,9,3,NA,0,0,0,0,0,0,0,0,0,0,0,0,0,0,0.072,0.052,NA,NA,NA
GRC52-17,GRC52,A,6,strain_14479,control,15,19.81,18,0,NA,59,113,90,73,112,79,59,82,0,0,0,0,0,667,1.829,0.767,-0.76,0.983,10
GRC52-21,GRC52,A,9,uninoculated,drift,12,24.26,12,9,NA,0,0,0,0,0,0,0,0,0,0,0,0,0,0,0.11,0.047,NA,0.246,2
GRC52-33,GRC52,B,14,strain_4386,control,9,6.83,6,0,NA,NA,NA,NA,NA,NA,NA,NA,NA,NA,NA,NA,NA,NA,NA,NA,NA,NA,NA,NA
GRC52-36,GRC52,B,11,strain_14479,control,6,9.44,6,0,NA,30,12,0,0,0,0,0,0,0,0,0,0,0,42,0.136,0.078,-0.79,1.687,10
GRC52-44,GRC52,C,41,strain_14479,drift,18,26.69,18,6,NA,116,91,77,97,4,0,0,0,0,0,0,0,0,385,0.823,0.176,1.45,0.706,11
GRC52-48,GRC52,C,36,strain_4386,control,21,34.86,24,0,NA,13,23,57,62,55,39,82,45,0,0,0,0,0,376,3.672,0.703,-1,1.174,10
GRC52-50,GRC52,C,41,strain_14479,control,18,24.95,18,0,NA,37,52,28,34,27,32,21,45,0,0,0,0,0,276,3.443,0.571,-0.2,1.879,10
GRC52-52,GRC52,C,38,uninoculated,control,24,28.68,24,0,NA,0,0,0,0,0,0,0,0,0,0,0,0,0,0,0.909,1.054,NA,NA,NA
HRV58-13,HRV58,A,10,uninoculated,full,6,15.88,6,3,Y,NA,NA,NA,NA,NA,NA,NA,NA,NA,NA,NA,NA,NA,NA,NA,NA,NA,NA,NA
HRV58-20,HRV58,A,10,uninoculated,full,6,4.9,3,3,Y,NA,NA,NA,NA,NA,NA,NA,NA,NA,NA,NA,NA,NA,NA,NA,NA,NA,NA,NA
HRV58-27,HRV58,A,10,uninoculated,full,6,12.71,3,3,Y,NA,NA,NA,NA,NA,NA,NA,NA,NA,NA,NA,NA,NA,NA,NA,NA,NA,NA,NA
HRV58-33,HRV58,B,26,uninoculated,full,6,15.31,1,0,Y,NA,NA,NA,NA,NA,NA,NA,NA,NA,NA,NA,NA,NA,NA,NA,NA,NA,NA,NA
HRV58-43,HRV58,C,26,uninoculated,full,14,28.8,12,12,Y,NA,NA,NA,NA,NA,NA,NA,NA,NA,NA,NA,NA,NA,NA,NA,NA,NA,NA,NA
HRV58-47,HRV58,C,26,uninoculated,full,24,27.75,24,12,Y,NA,NA,NA,NA,NA,NA,NA,NA,NA,NA,NA,NA,NA,NA,NA,NA,NA,NA,NA
HUN56-23,HUN56,A,42,uninoculated,full,3,5.33,3,3,Y,NA,NA,NA,NA,NA,NA,NA,NA,NA,NA,NA,NA,NA,NA,NA,NA,NA,NA,NA
HUN56-34,HUN56,B,42,uninoculated,full,15,19.71,15,6,Y,NA,NA,NA,NA,NA,NA,NA,NA,NA,NA,NA,NA,NA,NA,NA,NA,NA,NA,NA
HUN56-38,HUN56,B,10,uninoculated,full,6,9.28,3,3,Y,NA,NA,NA,NA,NA,NA,NA,NA,NA,NA,NA,NA,NA,NA,NA,NA,NA,NA,NA
HUN56-49,HUN56,C,42,uninoculated,full,15,24.22,15,12,Y,NA,NA,NA,NA,NA,NA,NA,NA,NA,NA,NA,NA,NA,NA,NA,NA,NA,NA,NA
HUN56-51,HUN56,C,26,uninoculated,full,19,33.74,18,18,Y,NA,NA,NA,NA,NA,NA,NA,NA,NA,NA,NA,NA,NA,NA,NA,NA,NA,NA,NA
HUN71-10,HUN71,A,4,strain_4386,drift,9,17.14,9,6,NA,24,3,0,0,0,0,0,0,0,0,0,0,0,27,0.199,0.079,-0.2,0.909,6
HUN71-23,HUN71,A,1,uninoculated,control,6,10.55,6,0,NA,NA,NA,NA,NA,NA,NA,NA,NA,NA,NA,NA,NA,NA,NA,NA,NA,NA,NA,NA
HUN71-24,HUN71,A,7,strain_14479,control,36,25.27,36,0,NA,50,69,79,104,108,235,125,124,272,254,424,349,396,2589,1.475,0.946,-1.34,0.921,9
HUN71-27,HUN71,A,7,strain_14479,drift,33,24.64,33,23,NA,353,291,200,0,0,0,0,0,0,0,0,0,0,844,0.496,0.172,-0.9,0.325,10
HUN71-31,HUN71,B,17,uninoculated,drift,12,21.77,15,9,NA,0,0,0,0,0,0,0,0,0,0,0,0,0,0,0.392,0.205,NA,NA,NA
HUN71-36,HUN71,B,23,strain_4386,control,3,9,6,0,NA,0,0,0,0,0,0,0,0,0,0,0,0,0,0,0.052,0.008,-0.64,NA,NA
HUN71-39,HUN71,B,17,uninoculated,control,3,5.04,6,0,NA,NA,NA,NA,NA,NA,NA,NA,NA,NA,NA,NA,NA,NA,NA,NA,NA,NA,NA,NA
HUN71-40,HUN71,B,23,strain_4386,drift,3,2.9,0,0,NA,NA,NA,NA,NA,NA,NA,NA,NA,NA,NA,NA,NA,NA,NA,NA,NA,NA,NA,NA
HUN71-41,HUN71,B,23,strain_4386,drift,6,7.46,3,0,NA,NA,NA,NA,NA,NA,NA,NA,NA,NA,NA,NA,NA,NA,NA,NA,NA,NA,NA,NA
HUN71-44,HUN71,C,31,strain_4386,drift,27,17.63,27,12,NA,12,4,1,12,15,0,0,0,0,0,0,0,0,44,0.604,0.285,2.2,1.477,10
HUN71-45,HUN71,C,33,strain_14479,control,27,31.28,33,0,NA,220,222,179,189,258,190,194,261,274,218,0,0,0,2205,2.553,0.831,-0.97,1.044,10
HUN71-46,HUN71,C,41,strain_14479,control,24,21.4,24,0,NA,77,64,80,92,84,101,103,129,77,99,128,99,75,1208,2.576,0.554,0.43,2.767,10
HUN71-47,HUN71,C,31,strain_4386,drift,9,14.51,9,9,NA,0,0,0,0,0,0,0,0,0,0,0,0,0,0,0.081,0.043,0.46,0.384,3
HUN71-48,HUN71,C,34,uninoculated,drift,15,24.06,18,9,NA,0,0,0,0,0,0,0,0,0,0,0,0,0,0,0.184,0.232,NA,NA,NA
HUN71-50,HUN71,C,41,strain_14479,drift,39,21.47,36,18,NA,102,48,67,0,0,0,0,0,0,0,0,0,0,217,0.261,0.137,1.62,0.316,9
HUN71-51,HUN71,C,31,strain_4386,control,18,20.28,18,18,NA,33,36,33,50,72,48,0,0,0,0,0,0,0,272,0.954,0.355,-0.48,0.961,10
HUN71-52,HUN71,C,34,uninoculated,control,21,29.26,33,6,NA,0,0,0,0,0,0,0,0,0,0,0,0,0,0,1.199,0.74,NA,NA,NA
HUN71-53,HUN71,C,33,strain_14479,drift,18,27.63,21,18,NA,111,65,282,0,0,0,0,0,0,0,0,0,0,458,0.698,0.252,0.87,0.351,10
HUN71-7,HUN71,A,1,uninoculated,drift,9,17.75,9,0,NA,0,0,0,0,0,0,0,0,0,0,0,0,0,0,0.07,0.084,NA,NA,NA
HUN71-8,HUN71,A,4,strain_4386,control,9,18.62,9,0,NA,14,16,62,30,48,0,0,0,0,0,0,0,0,170,0.315,0.185,-0.92,0.624,10
ITA51-19,ITA51,B,26,uninoculated,full,12,17.13,12,12,Y,NA,NA,NA,NA,NA,NA,NA,NA,NA,NA,NA,NA,NA,NA,NA,NA,NA,NA,NA
ITA51-30,ITA51,B,26,uninoculated,full,9,15.44,9,9,Y,NA,NA,NA,NA,NA,NA,NA,NA,NA,NA,NA,NA,NA,NA,NA,NA,NA,NA,NA
ITA51-33,ITA51,C,42,uninoculated,full,18,25.63,18,18,Y,NA,NA,NA,NA,NA,NA,NA,NA,NA,NA,NA,NA,NA,NA,NA,NA,NA,NA,NA
JPN53-100,JPN53,B,24,strain_14479,control,6,9.75,6,0,NA,4,0,0,0,0,0,0,0,0,0,0,0,0,4,0.0108,0.025,-0.03,0.092,4
JPN53-104,JPN53,C,30,uninoculated,drift,6,8.21,6,0,NA,0,0,0,0,0,0,0,0,0,0,0,0,0,0,0.012,0.01,-1.24,NA,NA
JPN53-105,JPN53,C,30,uninoculated,control,10,13.53,12,6,NA,0,0,0,0,0,0,0,0,0,0,0,0,0,0,0.05,0.013,3.62,NA,NA
JPN53-108,JPN53,C,27,strain_4386,drift,6,10.04,3,0,NA,0,0,0,0,0,0,0,0,0,0,0,0,0,0,0.032,0.006,-0.43,NA,NA
JPN53-110,JPN53,B,13,strain_4386,control,9,18.72,6,0,NA,0,0,0,0,0,0,0,0,0,0,0,0,0,0,0.073,0.058,4.11,NA,NA
JPN53-111,JPN53,C,32,strain_14479,control,9,19.01,6,0,NA,18,19,22,0,0,0,0,0,0,0,0,0,0,59,0.219,0.111,-0.45,1.92,10
JPN53-115,JPN53,B,13,strain_4386,drift,6,15.79,6,2,NA,0,0,0,0,0,0,0,0,0,0,0,0,0,0,0.06,0.06,3.86,NA,NA
JPN53-118,JPN53,C,32,strain_14479,drift,3,7.52,0,0,NA,0,0,0,0,0,0,0,0,0,0,0,0,0,0,0.0146,0.0043,NA,0.054,2
JPN53-125,JPN53,B,12,uninoculated,drift,6,10.44,9,9,NA,0,0,0,0,0,0,0,0,0,0,0,0,0,0,0.028,0.013,NA,NA,NA
JPN53-127,JPN53,B,24,strain_14479,drift,12,22.68,15,6,NA,23,54,0,0,0,0,0,0,0,0,0,0,0,77,0.216,0.077,2.15,0.645,10
JPN53-13,JPN53,A,6,strain_14479,drift,12,19.02,15,9,NA,94,84,0,0,0,0,0,0,0,0,0,0,0,178,0.404,0.12,-0.57,0.819,10
JPN53-130,JPN53,C,30,uninoculated,control,12,18.52,12,0,NA,0,0,0,0,0,0,0,0,0,0,0,0,0,0,0.211,0.105,NA,NA,NA
JPN53-131,JPN53,B,12,uninoculated,control,6,8.45,6,0,NA,0,0,0,0,0,0,0,0,0,0,0,0,0,0,0.009,0.008,NA,NA,NA
JPN53-14,JPN53,A,5,uninoculated,drift,12,22.19,12,6,NA,0,0,0,0,0,0,0,0,0,0,0,0,0,0,0.165,0.159,NA,NA,NA
JPN53-22,JPN53,A,6,strain_14479,control,6,9.37,9,0,NA,23,21,0,0,0,0,0,0,0,0,0,0,0,44,0.187,0.065,-0.65,1.178,10
JPN53-25,JPN53,A,5,uninoculated,control,12,24.08,12,6,NA,0,0,0,0,0,0,0,0,0,0,0,0,0,0,0.241,0.183,NA,NA,NA
JPN53-36,JPN53,B,13,strain_4386,control,3,7.52,6,3,NA,0,0,0,0,0,0,0,0,0,0,0,0,0,0,0.0069,0.014,2.06,NA,NA
JPN53-47,JPN53,C,27,strain_4386,control,27,33.96,21,0,NA,25,27,26,27,19,67,25,0,0,0,0,0,0,216,2.478,0.62,-0.24,1.887,10
JPN91-14,JPN91,A,2,strain_14479,drift,6,10.01,6,0,NA,31,3,0,0,0,0,0,0,0,0,0,0,0,34,0.037,0.017,-0.62,0.212,8
JPN91-17,JPN91,A,8,strain_4386,control,6,9.6,6,0,NA,3,0,0,0,0,0,0,0,0,0,0,0,0,3,0.0015,0.0079,NA,0.211,3
JPN91-23,JPN91,A,8,strain_4386,control,21,25.35,24,0,NA,53,65,25,54,116,80,90,0,0,0,0,0,0,483,1.131,0.64,-0.58,1.681,9
JPN91-26,JPN91,A,5,uninoculated,control,30,26.71,30,0,NA,0,0,0,0,0,0,0,0,0,0,0,0,0,0,0.535,0.292,NA,NA,NA
JPN91-30,JPN91,A,2,strain_14479,control,15,23.11,18,0,NA,231,136,153,48,54,0,0,0,0,0,0,0,0,622,1.157,0.544,-0.68,0.837,10
JPN91-31,JPN91,B,11,strain_14479,drift,21,27.26,21,3,NA,83,22,0,0,0,0,0,0,0,0,0,0,0,105,0.386,0.074,0.71,0.299,10
JPN91-39,JPN91,B,25,uninoculated,control,18,18.18,19,0,NA,0,0,0,0,0,0,0,0,0,0,0,0,0,0,0.258,0.172,NA,NA,NA
JPN91-40,JPN91,B,25,uninoculated,drift,21,21.47,21,9,NA,0,0,0,0,0,0,0,0,0,0,0,0,0,0,0.0443,0.277,NA,NA,NA
JPN91-42,JPN91,B,11,strain_14479,control,15,20.81,18,0,NA,44,52,103,129,120,197,0,0,0,0,0,0,0,645,1.468,0.409,-0.53,0.561,9
JPN91-43,JPN91,C,27,strain_4386,drift,30,26.69,27,9,NA,NA,NA,NA,NA,NA,NA,NA,NA,NA,NA,NA,NA,NA,NA,NA,NA,NA,NA,NA
JPN91-48,JPN91,C,29,uninoculated,control,9,16.28,12,0,NA,0,0,0,0,0,0,0,0,0,0,0,0,0,0,0.297,0.347,NA,NA,NA
JPN91-51,JPN91,C,27,strain_4386,control,21,26.77,27,0,NA,0,6,8,6,15,26,24,17,27,14,0,0,0,143,1.765,0.692,1.23,3.385,9
JPN91-52,JPN91,C,29,uninoculated,drift,27,25.8,33,9,NA,0,0,0,0,0,0,0,0,0,0,0,0,0,0,0.618,0.211,NA,NA,NA
JPN91-7,JPN91,A,8,strain_4386,drift,6,11.61,6,0,NA,NA,NA,NA,NA,NA,NA,NA,NA,NA,NA,NA,NA,NA,NA,NA,NA,NA,NA,NA
JPN91-9,JPN91,A,5,uninoculated,drift,6,10.66,6,0,NA,NA,NA,NA,NA,NA,NA,NA,NA,NA,NA,NA,NA,NA,NA,NA,NA,NA,NA,NA
KAZ58-35,KAZ58,B,42,uninoculated,full,9,7.86,6,6,Y,NA,NA,NA,NA,NA,NA,NA,NA,NA,NA,NA,NA,NA,NA,NA,NA,NA,NA,NA
KAZ58-51,KAZ58,C,26,uninoculated,full,21,20.11,21,21,Y,NA,NA,NA,NA,NA,NA,NA,NA,NA,NA,NA,NA,NA,NA,NA,NA,NA,NA,NA
NOR39-101,NOR39,C,39,uninoculated,drift,3,6.23,3,0,NA,NA,NA,NA,NA,NA,NA,NA,NA,NA,NA,NA,NA,NA,NA,NA,NA,NA,NA,NA
NOR39-103,NOR39,C,37,strain_14479,drift,3,5.42,3,0,NA,NA,NA,NA,NA,NA,NA,NA,NA,NA,NA,NA,NA,NA,NA,NA,NA,NA,NA,NA
NOR39-104,NOR39,B,22,strain_4386,drift,3,5.47,3,0,NA,NA,NA,NA,NA,NA,NA,NA,NA,NA,NA,NA,NA,NA,NA,NA,NA,NA,NA,NA
NOR39-105,NOR39,B,25,uninoculated,control,0,0,NA,NA,NA,NA,NA,NA,NA,NA,NA,NA,NA,NA,NA,NA,NA,NA,NA,NA,NA,NA,NA,NA
NOR39-107,NOR39,B,20,strain_14479,drift,6,5.77,3,3,NA,NA,NA,NA,NA,NA,NA,NA,NA,NA,NA,NA,NA,NA,NA,0.038,NA,-0.43,NA,NA
NOR39-109,NOR39,B,13,strain_4386,control,3,4.94,3,0,NA,NA,NA,NA,NA,NA,NA,NA,NA,NA,NA,NA,NA,NA,NA,NA,NA,NA,NA,NA
NOR39-110,NOR39,B,18,strain_4386,control,6,5.75,3,0,NA,NA,NA,NA,NA,NA,NA,NA,NA,NA,NA,NA,NA,NA,NA,NA,NA,NA,NA,NA
NOR39-111,NOR39,B,16,uninoculated,control,3,4.66,6,0,NA,NA,NA,NA,NA,NA,NA,NA,NA,NA,NA,NA,NA,NA,NA,NA,NA,NA,NA,NA
NOR39-114,NOR39,C,34,uninoculated,control,3,11.42,6,0,NA,0,0,0,0,0,0,0,0,0,0,0,0,0,0,0.05,0.012,0.34,NA,NA
NOR39-117,NOR39,C,29,uninoculated,control,3,6.45,3,3,NA,0,0,0,0,0,0,0,0,0,0,0,0,0,0,0.02,0.0048,NA,NA,NA
NOR39-118,NOR39,C,30,uninoculated,control,6,5.39,6,0,NA,NA,NA,NA,NA,NA,NA,NA,NA,NA,NA,NA,NA,NA,NA,NA,NA,NA,NA,NA
NOR39-119,NOR39,B,12,uninoculated,control,3,4.23,3,0,NA,NA,NA,NA,NA,NA,NA,NA,NA,NA,NA,NA,NA,NA,NA,NA,NA,NA,NA,NA
NOR39-120,NOR39,C,39,uninoculated,drift,NA,NA,NA,NA,NA,0,0,0,0,0,0,0,0,0,0,0,0,0,0,0.013,0.004,NA,NA,NA
NOR39-121,NOR39,C,39,uninoculated,control,3,6.75,3,0,NA,NA,NA,NA,NA,NA,NA,NA,NA,NA,NA,NA,NA,NA,NA,NA,NA,NA,NA,NA
NOR39-122,NOR39,C,31,strain_4386,control,3,7.08,6,0,NA,NA,NA,NA,NA,NA,NA,NA,NA,NA,NA,NA,NA,NA,NA,0.048,NA,-0.77,NA,NA
NOR39-123,NOR39,C,29,uninoculated,drift,3,3.9,3,3,NA,NA,NA,NA,NA,NA,NA,NA,NA,NA,NA,NA,NA,NA,NA,NA,NA,NA,NA,NA
NOR39-124,NOR39,C,27,strain_4386,drift,6,4.08,3,0,NA,NA,NA,NA,NA,NA,NA,NA,NA,NA,NA,NA,NA,NA,NA,NA,NA,NA,NA,NA
NOR39-125,NOR39,B,22,strain_4386,control,3,5.08,6,0,NA,NA,NA,NA,NA,NA,NA,NA,NA,NA,NA,NA,NA,NA,NA,NA,NA,NA,NA,NA
NOR39-126,NOR39,B,14,strain_4386,control,3,4.35,7,0,NA,19,0,0,0,0,0,0,0,0,0,0,0,0,19,0.015,0.006,NA,0.367,9
NOR39-129,NOR39,C,40,strain_4386,control,3,2.36,NA,NA,NA,NA,NA,NA,NA,NA,NA,NA,NA,NA,NA,NA,NA,NA,NA,NA,NA,NA,NA,NA
NOR39-130,NOR39,B,24,strain_14479,drift,0,0,0,0,NA,NA,NA,NA,NA,NA,NA,NA,NA,NA,NA,NA,NA,NA,NA,NA,NA,NA,NA,NA
NOR39-132,NOR39,C,33,strain_14479,drift,3,4.36,NA,NA,NA,NA,NA,NA,NA,NA,NA,NA,NA,NA,NA,NA,NA,NA,NA,NA,NA,NA,NA,NA
NOR39-133,NOR39,B,20,strain_14479,control,3,13.47,6,3,NA,0,0,0,0,0,0,0,0,0,0,0,0,0,0,0.028,0.004,-1.55,0.42,7
NOR39-134,NOR39,B,15,strain_14479,control,6,4.71,6,0,NA,NA,NA,NA,NA,NA,NA,NA,NA,NA,NA,NA,NA,NA,NA,0.007,NA,NA,NA,NA
NOR39-135,NOR39,B,21,uninoculated,control,6,4.02,NA,NA,NA,NA,NA,NA,NA,NA,NA,NA,NA,NA,NA,NA,NA,NA,NA,NA,NA,NA,NA,NA
NOR39-137,NOR39,B,19,strain_14479,control,6,4.52,7,6,NA,60,0,0,0,0,0,0,0,0,0,0,0,0,60,0.073,0.048,-0.99,1.679,10
NOR39-138,NOR39,C,32,strain_14479,drift,3,6.74,6,6,NA,20,0,0,0,0,0,0,0,0,0,0,0,0,20,0.006,0.0005,-1.68,0.244,10
NOR39-139,NOR39,B,14,strain_4386,control,3,4.84,NA,NA,NA,NA,NA,NA,NA,NA,NA,NA,NA,NA,NA,NA,NA,NA,NA,NA,NA,NA,NA,NA
NOR39-140,NOR39,B,17,uninoculated,control,6,4.63,3,0,NA,NA,NA,NA,NA,NA,NA,NA,NA,NA,NA,NA,NA,NA,NA,NA,NA,NA,NA,NA
NOR39-141,NOR39,B,23,strain_4386,control,0,0,NA,NA,NA,NA,NA,NA,NA,NA,NA,NA,NA,NA,NA,NA,NA,NA,NA,NA,NA,NA,NA,NA
NOR39-31,NOR39,B,11,strain_14479,control,15,26.56,15,0,NA,182,216,182,142,314,319,239,353,0,0,0,0,0,1947,2.422,0.851,-0.51,0.548,9
NOR39-32,NOR39,B,12,uninoculated,drift,18,27.95,18,9,NA,0,0,0,0,0,0,0,0,0,0,0,0,0,0,0.218,0.14,2.43,NA,NA
NOR39-33,NOR39,B,23,strain_4386,drift,6,6.77,3,3,NA,NA,NA,NA,NA,NA,NA,NA,NA,NA,NA,NA,NA,NA,NA,NA,NA,NA,NA,NA
NOR39-34,NOR39,B,17,uninoculated,drift,6,15.53,6,3,NA,0,0,0,0,0,0,0,0,0,0,0,0,0,0,0.081,0.038,3.07,NA,NA
NOR39-35,NOR39,B,25,uninoculated,drift,18,20.1,18,6,NA,0,0,0,0,0,0,0,0,0,0,0,0,0,0,0.24,0.083,2.05,NA,NA
NOR39-36,NOR39,B,15,strain_14479,drift,6,13.07,6,3,NA,27,0,0,0,0,0,0,0,0,0,0,0,0,27,0.067,0.037,3.02,0.272,6
NOR39-37,NOR39,B,11,strain_14479,drift,6,12.29,9,6,NA,119,0,0,0,0,0,0,0,0,0,0,0,0,119,0.236,0.078,0.78,0.521,8
NOR39-39,NOR39,B,25,uninoculated,control,6,21.75,9,4,NA,0,0,0,0,0,0,0,0,0,0,0,0,0,0,0.204,0.077,1.43,NA,NA
NOR39-40,NOR39,B,24,strain_14479,control,6,13.77,6,0,NA,104,33,147,0,0,0,0,0,0,0,0,0,0,284,0.427,0.201,-0.1,2.29,10
NOR39-41,NOR39,B,21,uninoculated,drift,6,7.12,6,6,NA,NA,NA,NA,NA,NA,NA,NA,NA,NA,NA,NA,NA,NA,NA,NA,NA,NA,NA,NA
NOR39-42,NOR39,B,19,strain_14479,drift,12,23.81,12,9,NA,198,91,0,0,0,0,0,0,0,0,0,0,0,289,0.259,0.135,0.66,1.059,10
NOR39-43,NOR39,C,32,strain_14479,control,6,18.39,9,0,NA,170,126,136,41,64,0,0,0,0,0,0,0,0,537,1.357,0.427,3.07,1.892,10
NOR39-43,NOR39,B,14,strain_4386,drift,3,4.75,3,3,NA,NA,NA,NA,NA,NA,NA,NA,NA,NA,NA,NA,NA,NA,NA,NA,NA,NA,NA,NA
NOR39-44,NOR39,C,18,strain_4386,drift,12,24.94,15,3,NA,7,4,1,4,5,14,15,5,0,0,0,0,0,55,0.84,0.3,1.15,4.641,10
NOR39-44,NOR39,B,40,strain_4386,drift,3,2.79,NA,NA,NA,NA,NA,NA,NA,NA,NA,NA,NA,NA,NA,NA,NA,NA,NA,,,NA,NA,NA
NOR39-45,NOR39,C,30,uninoculated,drift,9,27.74,9,6,NA,0,0,0,0,0,0,0,0,0,0,0,0,0,0,0.415,0.245,3.2,NA,NA
NOR39-46,NOR39,C,34,uninoculated,drift,18,28.41,21,9,NA,0,0,0,0,0,0,0,0,0,0,0,0,0,0,0.338,0.262,1.68,NA,NA
NOR39-47,NOR39,B,16,uninoculated,drift,3,4.13,3,0,NA,NA,NA,NA,NA,NA,NA,NA,NA,NA,NA,NA,NA,NA,NA,NA,NA,NA,NA,NA
NOR39-48,NOR39,C,31,strain_4386,control,12,27.93,18,0,NA,136,202,178,256,331,190,287,0,0,0,0,0,0,1580,2.181,0.722,-0.44,0.452,8
NOR39-49,NOR39,C,41,strain_14479,drift,21,32.91,24,12,NA,78,53,68,34,19,0,0,0,0,0,0,0,0,252,0.741,0.172,0.73,0.58,10
NOR39-50,NOR39,C,28,strain_14479,drift,9,24.64,12,6,NA,73,44,64,0,0,0,0,0,0,0,0,0,0,181,0.558,0.138,1.26,1.076,10
NOR39-51,NOR39,C,33,strain_14479,control,12,24.33,15,9,NA,83,51,98,128,94,132,139,0,0,0,0,0,0,725,1.26,0.616,-0.28,0.601,10
NOR39-52,NOR39,C,35,strain_4386,drift,12,24.94,9,6,NA,22,20,0,0,0,0,0,0,0,0,0,0,0,42,0.265,0.089,1.49,0.952,10
NOR39-53,NOR39,C,36,strain_4386,drift,9,23.03,12,12,NA,16,17,0,0,0,0,0,0,0,0,0,0,0,33,0.296,0.121,4.53,1.004,10
NOR39-54,NOR39,C,41,strain_14479,control,30,31.25,30,0,NA,NA,NA,NA,NA,NA,NA,NA,NA,NA,NA,NA,NA,NA,NA,2.644,NA,-0.95,NA,NA
NOR39-55,NOR39,C,37,strain_14479,control,21,31.66,33,0,NA,193,164,111,235,143,220,247,189,191,168,136,89,112,2198,3.267,1.276,-0.75,0.993,10
NOR39-56,NOR39,C,35,strain_4386,control,33,26.46,33,0,NA,337,478,450,293,174,262,119,112,0,0,0,0,0,2225,2.186,0.697,-0.65,0.247,9
NOR39-58,NOR39,C,36,strain_4386,control,12,27.18,15,0,NA,NA,NA,NA,NA,NA,NA,NA,NA,NA,NA,NA,NA,NA,NA,2.375,NA,-0.75,NA,NA
NOR39-60,NOR39,C,27,strain_4386,control,27,26.86,27,0,NA,232,176,153,283,281,308,264,230,0,0,0,0,0,1927,1.16,0.619,-0.61,0.603,10
NOR39-84,NOR39,B,13,strain_4386,drift,9,18.92,6,3,NA,NA,NA,NA,NA,NA,NA,NA,NA,NA,NA,NA,NA,NA,NA,NA,NA,NA,NA,NA
NZL47-101,NZL47,B,20,strain_14479,control,6,4.54,3,0,NA,NA,NA,NA,NA,NA,NA,NA,NA,NA,NA,NA,NA,NA,NA,0.041,NA,0.53,NA,NA
NZL47-102,NZL47,C,30,uninoculated,control,6,3.06,6,0,NA,0,0,0,0,0,0,0,0,0,0,0,0,0,0,0.0025,0.0028,NA,NA,NA
NZL47-103,NZL47,B,17,uninoculated,drift,6,5.12,3,3,NA,NA,NA,NA,NA,NA,NA,NA,NA,NA,NA,NA,NA,NA,NA,NA,NA,NA,NA,NA
NZL47-104,NZL47,B,20,strain_14479,drift,6,7.75,6,6,NA,4,0,0,0,0,0,0,0,0,0,0,0,0,4,0.02,0.016,-0.42,0.503,10
NZL47-105,NZL47,B,15,strain_14479,control,6,5.56,3,0,NA,0,0,0,0,0,0,0,0,0,0,0,0,0,0,0.023,0.007,-0.53,0.088,2
NZL47-107,NZL47,C,31,strain_4386,drift,3,2.39,NA,NA,NA,NA,NA,NA,NA,NA,NA,NA,NA,NA,NA,NA,NA,NA,NA,NA,NA,NA,NA,NA
NZL47-108,NZL47,C,37,strain_14479,drift,3,4.34,3,3,NA,NA,NA,NA,NA,NA,NA,NA,NA,NA,NA,NA,NA,NA,NA,NA,NA,NA,NA,NA
NZL47-110,NZL47,C,31,strain_4386,drift,12,4.58,9,0,NA,NA,NA,NA,NA,NA,NA,NA,NA,NA,NA,NA,NA,NA,NA,NA,NA,NA,NA,NA
NZL47-111,NZL47,C,30,uninoculated,drift,6,4.41,6,0,NA,0,0,0,0,0,0,0,0,0,0,0,0,0,0,0.0034,0.004,1.42,NA,NA
NZL47-112,NZL47,C,28,strain_14479,drift,12,17.19,15,9,NA,41,32,20,0,0,0,0,0,0,0,0,0,0,93,0.422,0.142,0.86,0.809,10
NZL47-113,NZL47,C,37,strain_14479,drift,18,18.67,15,8,NA,100,207,31,0,0,0,0,0,0,0,0,0,0,338,0.472,0.177,1.41,0.69,10
NZL47-114,NZL47,C,35,strain_4386,drift,3,4.86,3,0,NA,0,0,0,0,0,0,0,0,0,0,0,0,0,0,0.007,0.006,NA,NA,NA
NZL47-115,NZL47,B,19,strain_14479,control,6,5.09,6,0,NA,0,0,0,0,0,0,0,0,0,0,0,0,0,0,0.023,0.002,-0.1,NA,NA
NZL47-116,NZL47,C,28,strain_14479,control,6,6.59,3,0,NA,8,0,0,0,0,0,0,0,0,0,0,0,0,8,0.026,0.0068,0.03,1.135,10
NZL47-118,NZL47,C,38,uninoculated,drift,6,6.81,6,0,NA,0,0,0,0,0,0,0,0,0,0,0,0,0,0,0.023,0.024,0.73,NA,NA
NZL47-119,NZL47,C,34,uninoculated,control,3,4.39,3,0,NA,0,0,0,0,0,0,0,0,0,0,0,0,0,0,0.02,0.005,-0.43,NA,NA
NZL47-122,NZL47,C,37,strain_14479,control,9,6.89,6,0,NA,14,0,0,0,0,0,0,0,0,0,0,0,0,14,0.029,0.021,0.06,1.563,9
NZL47-123,NZL47,B,12,uninoculated,control,6,10.17,9,0,NA,0,0,0,0,0,0,0,0,0,0,0,0,0,0,0.055,0.033,4.91,NA,NA
NZL47-125,NZL47,B,23,strain_4386,control,9,9.68,6,0,NA,2,0,0,0,0,0,0,0,0,0,0,0,0,2,0.023,0.018,0.71,0.275,10
NZL47-127,NZL47,B,15,strain_14479,drift,9,18.78,9,6,NA,NA,NA,NA,NA,NA,NA,NA,NA,NA,NA,NA,NA,NA,NA,NA,NA,NA,NA,NA
NZL47-131,NZL47,B,12,uninoculated,drift,9,11.5,9,6,NA,0,0,0,0,0,0,0,0,0,0,0,0,0,0,0.042,0.0111,1.73,NA,NA
NZL47-134,NZL47,B,17,uninoculated,control,9,18.52,13,0,NA,4,0,0,0,0,0,0,0,0,0,0,0,0,4,0.2,0.158,4.82,NA,NA
NZL47-135,NZL47,B,19,strain_14479,drift,6,10.96,6,3,NA,NA,NA,NA,NA,NA,NA,NA,NA,NA,NA,NA,NA,NA,NA,NA,NA,NA,NA,NA
NZL47-15,NZL47,A,3,strain_4386,drift,6,9.69,6,6,NA,15,0,0,0,0,0,0,0,0,0,0,0,0,15,0.025,0.013,0.34,0.463,10
NZL47-21,NZL47,A,3,strain_4386,control,3,6.21,6,0,NA,35,0,0,0,0,0,0,0,0,0,0,0,0,35,0.0115,0.021,-0.51,0.49,10
NZL47-23,NZL47,A,1,uninoculated,drift,6,7.05,6,0,NA,NA,NA,NA,NA,NA,NA,NA,NA,NA,NA,NA,NA,NA,NA,NA,NA,NA,NA,NA
NZL47-24,NZL47,A,8,strain_4386,drift,9,14,9,0,NA,NA,NA,NA,NA,NA,NA,NA,NA,NA,NA,NA,NA,NA,NA,NA,NA,NA,NA,NA
NZL47-25,NZL47,A,8,strain_4386,control,9,16.08,9,3,NA,26,28,0,0,0,0,0,0,0,0,0,0,0,54,0.139,0.127,-0.45,1.457,10
NZL47-26,NZL47,A,1,uninoculated,control,6,8.48,6,3,NA,0,0,0,0,0,0,0,0,0,0,0,0,0,0,0.019,0.023,2.2,0.508,10
NZL47-28,NZL47,A,7,strain_14479,drift,15,23.43,18,14,NA,104,128,107,138,0,0,0,0,0,0,0,0,0,477,0.363,0.259,-1.07,0.476,9
NZL47-31,NZL47,B,19,strain_14479,control,3,7.52,6,0,NA,25,0,0,0,0,0,0,0,0,0,0,0,0,25,0.02,0.009,-0.95,1.179,10
NZL47-32,NZL47,B,22,strain_4386,control,9,14.02,12,0,NA,79,21,0,0,0,0,0,0,0,0,0,0,0,100,0.198,0.072,1.42,NA,NA
NZL47-33,NZL47,B,23,strain_4386,drift,0,0,NA,NA,NA,NA,NA,NA,NA,NA,NA,NA,NA,NA,NA,NA,NA,NA,NA,NA,NA,NA,NA,NA
NZL47-34,NZL47,B,22,strain_4386,control,3,4.31,3,0,NA,NA,NA,NA,NA,NA,NA,NA,NA,NA,NA,NA,NA,NA,NA,NA,NA,NA,NA,NA
NZL47-35,NZL47,B,14,strain_4386,drift,6,10.25,6,3,NA,2,0,0,0,0,0,0,0,0,0,0,0,0,2,0.04,0.031,0.64,0.889,2
NZL47-36,NZL47,B,25,uninoculated,control,9,15.42,12,0,NA,0,0,0,0,0,0,0,0,0,0,0,0,0,0,0.056,0.036,3.45,NA,NA
NZL47-37,NZL47,B,14,strain_4386,control,6,5.43,6,0,NA,NA,NA,NA,NA,NA,NA,NA,NA,NA,NA,NA,NA,NA,NA,NA,NA,NA,NA,NA
NZL47-40,NZL47,B,22,strain_4386,drift,12,11.87,9,3,NA,19,0,0,0,0,0,0,0,0,0,0,0,0,19,0.077,0.047,-0.92,1.602,10
NZL47-42,NZL47,B,25,uninoculated,drift,12,11.03,12,6,NA,NA,NA,NA,NA,NA,NA,NA,NA,NA,NA,NA,NA,NA,NA,NA,NA,NA,NA,NA
NZL47-43,NZL47,C,38,uninoculated,drift,18,30.14,24,15,NA,0,0,0,0,0,0,0,0,0,0,0,0,0,0,0.522,0.354,4.05,NA,NA
NZL47-44,NZL47,C,34,uninoculated,drift,15,25.56,18,12,NA,0,0,0,0,0,0,0,0,0,0,0,0,0,0,0.15,0.202,4.53,NA,NA
NZL47-45,NZL47,C,31,strain_4386,control,10,18.24,9,0,NA,79,83,70,51,89,0,0,0,0,0,0,0,0,372,0.307,0.344,1.88,0.976,8
NZL47-46,NZL47,C,33,strain_14479,drift,6,16.57,6,3,NA,23,23,0,0,0,0,0,0,0,0,0,0,0,46,0.126,0.068,1.44,1.38,10
NZL47-47,NZL47,C,33,strain_14479,control,22,29.04,24,0,NA,90,116,84,102,119,153,258,0,0,0,0,0,0,922,2.236,0.626,0.02,0.641,10
NZL47-50,NZL47,C,35,strain_4386,control,18,25.77,19,0,NA,9,14,21,66,0,0,0,0,0,0,0,0,0,110,0.438,0.386,3.23,3.192,10
NZL47-51,NZL47,C,33,strain_14479,control,15,22.14,18,0,NA,NA,NA,NA,NA,NA,NA,NA,NA,NA,NA,NA,NA,NA,NA,1.415,NA,-0.55,NA,NA
NZL47-52,NZL47,C,40,strain_4386,control,18,27.29,18,0,NA,41,82,52,59,37,79,55,47,41,43,50,0,0,586,2.193,1.127,-0.39,1.6,10
NZL47-53,NZL47,C,40,strain_4386,drift,18,28.6,21,9,NA,111,20,66,64,59,43,15,0,0,0,0,0,0,378,0.58,0.59,1.39,0.244,10
NZL47-54,NZL47,C,38,uninoculated,drift,21,22.1,18,0,NA,0,0,0,0,0,0,0,0,0,0,0,0,0,0,0.189,0.263,2.15,NA,NA
NZL47-7,NZL47,A,7,strain_14479,control,12,21.53,12,0,NA,78,49,68,71,122,140,80,0,0,0,0,0,0,608,0.867,0.469,-1.02,1.505,10
NZL47-9,NZL47,A,7,strain_14479,control,12,19.92,12,0,NA,176,308,128,274,0,0,0,0,0,0,0,0,0,886,0.483,0.387,-1.27,0.991,10
NZL77-12,NZL77,A,2,strain_14479,drift,15,18.05,15,6,NA,36,72,55,0,0,0,0,0,0,0,0,0,0,163,0.465,0.167,-0.27,1.331,10
NZL77-14,NZL77,A,2,strain_14479,control,15,20.03,18,0,NA,181,186,175,200,0,0,0,0,0,0,0,0,0,742,1.212,0.471,-1.21,1.244,10
NZL77-22,NZL77,A,5,uninoculated,drift,6,13.71,12,9,NA,0,0,0,0,0,0,0,0,0,0,0,0,0,0,0.115,0.03,NA,NA,NA
NZL77-31,NZL77,B,17,uninoculated,control,6,3.55,3,3,NA,NA,NA,NA,NA,NA,NA,NA,NA,NA,NA,NA,NA,NA,NA,NA,NA,NA,NA,NA
NZL77-33,NZL77,B,19,strain_14479,drift,6,6.52,6,0,NA,NA,NA,NA,NA,NA,NA,NA,NA,NA,NA,NA,NA,NA,NA,NA,NA,NA,NA,NA
NZL77-34,NZL77,B,21,uninoculated,control,6,5.1,6,0,NA,0,0,0,0,0,0,0,0,0,0,0,0,0,0,0.008,0.003,NA,NA,NA
NZL77-37,NZL77,B,21,uninoculated,drift,6,5.23,6,0,NA,NA,NA,NA,NA,NA,NA,NA,NA,NA,NA,NA,NA,NA,NA,NA,NA,NA,NA,NA
NZL77-39,NZL77,B,14,strain_4386,control,12,6.91,9,0,NA,10,0,0,0,0,0,0,0,0,0,0,0,0,10,0.038,0.011,2.49,0.337,10
NZL77-40,NZL77,B,14,strain_4386,drift,9,9.07,14,9,NA,0,0,0,0,0,0,0,0,0,0,0,0,0,0,0.034,0.012,-0.61,NA,NA
NZL77-46,NZL77,C,38,uninoculated,drift,12,10.85,12,12,NA,0,0,0,0,0,0,0,0,0,0,0,0,0,0,0.064,0.023,NA,NA,NA
NZL77-47,NZL77,C,28,strain_14479,control,30,20.66,63,0,NA,179,138,155,114,46,37,80,166,159,130,92,90,0,1386,4.538,0.832,1.31,1.234,9
NZL77-48,NZL77,C,38,uninoculated,control,12,17.75,12,0,NA,0,0,0,0,0,0,0,0,0,0,0,0,0,0,0.134,0.103,NA,NA,NA
NZL77-49,NZL77,C,28,strain_14479,drift,12,14.83,15,6,NA,72,0,0,0,0,0,0,0,0,0,0,0,0,72,0.142,0.251,1.14,0.673,10
NZL77-50,NZL77,C,35,strain_4386,drift,6,11.84,6,3,NA,0,0,0,0,0,0,0,0,0,0,0,0,0,0,0.135,0.007,NA,2.09,10
NZL77-53,NZL77,C,35,strain_4386,control,9,12.29,6,0,NA,4,0,0,0,0,0,0,0,0,0,0,0,0,4,0.054,0.022,1.11,NA,NA
POL73-12,POL73,A,3,strain_4386,drift,18,19.12,18,9,NA,87,22,0,0,0,0,0,0,0,0,0,0,0,109,0.437,0.149,-0.49,1.804,10
POL73-17,POL73,A,3,strain_4386,control,24,21.85,24,12,NA,375,418,475,205,0,0,0,0,0,0,0,0,0,1473,1.995,0.967,-0.96,1.772,10
POL73-18,POL73,A,5,uninoculated,drift,12,20.2,12,9,NA,0,0,0,0,0,0,0,0,0,0,0,0,0,0,0.095,0.126,NA,NA,NA
POL73-28,POL73,A,5,uninoculated,control,6,7.67,12,6,NA,0,0,0,0,0,0,0,0,0,0,0,0,0,0,0.019,0.027,NA,NA,NA
POL73-31,POL73,B,16,uninoculated,drift,12,19.16,12,6,NA,0,0,0,0,0,0,0,0,0,0,0,0,0,0,0.099,0.123,NA,NA,NA
POL73-33,POL73,B,24,strain_14479,control,15,19.19,12,0,NA,11,7,59,0,0,0,0,0,0,0,0,0,0,77,0.146,0.126,-0.48,1.777,10
POL73-36,POL73,B,24,strain_14479,drift,9,12.38,9,9,NA,9,34,0,0,0,0,0,0,0,0,0,0,0,43,0.104,0.048,1.99,1.096,10
POL73-42,POL73,B,16,uninoculated,control,12,14.12,15,0,NA,0,0,0,0,0,0,0,0,0,0,0,0,0,0,0.108,0.076,NA,NA,NA
POL73-43,POL73,C,33,strain_14479,drift,6,7.06,9,3,NA,7,0,0,0,0,0,0,0,0,0,0,0,0,7,0.007,0.007,NA,0.65,9
POL73-44,POL73,C,39,uninoculated,drift,12,14.88,9,0,NA,0,0,0,0,0,0,0,0,0,0,0,0,0,0,0.072,0.034,NA,NA,NA
POL73-46,POL73,C,40,strain_4386,control,18,26.58,21,0,NA,53,44,24,28,69,48,0,0,0,0,0,0,0,266,1.795,0.43,-0.64,3.845,10
POL73-49,POL73,C,40,strain_4386,drift,6,6.98,6,0,NA,0,0,0,0,0,0,0,0,0,0,0,0,0,0,0.013,0.006,NA,NA,NA
POL73-50,POL73,C,40,strain_4386,control,6,9.17,6,0,NA,38,6,0,0,0,0,0,0,0,0,0,0,0,44,0.246,0.064,-0.33,NA,NA
POL73-51,POL73,C,39,uninoculated,control,12,21.11,15,0,NA,0,0,0,0,0,0,0,0,0,0,0,0,0,0,0.23,0.119,NA,NA,NA
POL73-54,POL73,C,33,strain_14479,control,12,14.99,15,0,NA,68,64,56,57,9,0,0,0,0,0,0,0,0,254,0.505,0.147,-0.73,0.62,6
SRB91-32,SRB91,B,20,strain_14479,control,9,8.51,9,6,NA,32,0,0,0,0,0,0,0,0,0,0,0,0,32,0.099,0.043,-0.47,1.123,10
SRB91-33,SRB91,B,13,strain_4386,control,15,20.12,15,0,NA,38,19,9,25,29,0,0,0,0,0,0,0,0,120,0.68,0.348,0.16,0.969,10
SRB91-34,SRB91,B,20,strain_14479,drift,9,17.84,12,0,NA,37,0,0,0,0,0,0,0,0,0,0,0,0,37,0.138,0.085,0.8,0.936,8
SRB91-35,SRB91,B,16,uninoculated,control,9,23.86,15,0,NA,0,0,0,0,0,0,0,0,0,0,0,0,0,0,0.434,0.436,NA,NA,NA
SRB91-36,SRB91,B,16,uninoculated,control,12,12.09,12,5,NA,0,0,0,0,0,0,0,0,0,0,0,0,0,0,0.15,0.092,NA,NA,NA
SRB91-37,SRB91,B,13,strain_4386,drift,3,13.26,9,6,NA,21,0,0,0,0,0,0,0,0,0,0,0,0,21,0.066,0.059,2.5,0.542,9
SRB91-39,SRB91,B,20,strain_14479,drift,15,18.83,16,7,NA,NA,NA,NA,NA,NA,NA,NA,NA,NA,NA,NA,NA,NA,NA,NA,NA,NA,NA,NA
SRB91-40,SRB91,B,16,uninoculated,drift,12,18.76,12,3,NA,0,0,0,0,0,0,0,0,0,0,0,0,0,0,0.145,0.166,NA,NA,NA
SRB91-41,SRB91,B,13,strain_4386,drift,18,18.24,18,12,NA,NA,NA,NA,NA,NA,NA,NA,NA,NA,NA,NA,NA,NA,NA,NA,NA,NA,NA,NA
SRB91-45,SRB91,C,29,uninoculated,drift,12,23.28,12,0,NA,0,0,0,0,0,0,0,0,0,0,0,0,0,0,0.186,0.113,NA,NA,NA
SRB91-47,SRB91,C,29,uninoculated,control,27,19.95,36,6,NA,0,0,0,0,0,0,0,0,0,0,0,0,0,0,0.723,0.808,NA,NA,NA
SRB91-51,SRB91,C,32,strain_14479,drift,9,9.1,12,12,NA,NA,NA,NA,NA,NA,NA,NA,NA,NA,NA,NA,NA,NA,NA,NA,NA,NA,NA,NA
SRB91-52,SRB91,C,32,strain_14479,control,9,12.82,6,0,NA,44,75,0,0,0,0,0,0,0,0,0,0,0,119,0.507,0.121,-0.68,1.663,8
SWE49-25,SWE49,A,1,uninoculated,control,12,18.45,12,7,NA,0,0,0,0,0,0,0,0,0,0,0,0,0,0,0.07,0.112,NA,NA,NA
SWE49-27,SWE49,A,3,strain_4386,drift,3,3.54,1,0,NA,NA,NA,NA,NA,NA,NA,NA,NA,NA,NA,NA,NA,NA,NA,NA,NA,NA,NA,NA
SWE49-28,SWE49,A,3,strain_4386,control,9,20.42,9,0,NA,139,203,75,0,0,0,0,0,0,0,0,0,0,417,0.64,0.392,-0.88,1.376,7
SWE49-31,SWE49,B,18,strain_4386,drift,12,9.73,12,6,NA,NA,NA,NA,NA,NA,NA,NA,NA,NA,NA,NA,NA,NA,NA,NA,NA,NA,NA,NA
SWE49-32,SWE49,B,25,uninoculated,control,9,9.33,6,0,NA,NA,NA,NA,NA,NA,NA,NA,NA,NA,NA,NA,NA,NA,NA,0.04,NA,NA,NA,NA
SWE49-34,SWE49,B,25,uninoculated,drift,3,7.71,6,3,NA,NA,NA,NA,NA,NA,NA,NA,NA,NA,NA,NA,NA,NA,NA,0.035,NA,NA,NA,NA
SWE49-35,SWE49,B,18,strain_4386,control,15,15.92,15,6,NA,NA,NA,NA,NA,NA,NA,NA,NA,NA,NA,NA,NA,NA,NA,0.307,NA,-0.63,NA,NA
SWE49-38,SWE49,B,18,strain_4386,drift,6,6.1,6,3,NA,NA,NA,NA,NA,NA,NA,NA,NA,NA,NA,NA,NA,NA,NA,NA,NA,NA,NA,NA
SWE49-39,SWE49,B,15,strain_14479,control,12,14.29,12,3,NA,NA,NA,NA,NA,NA,NA,NA,NA,NA,NA,NA,NA,NA,NA,0.265,NA,-0.9,NA,NA
SWE49-42,SWE49,B,15,strain_14479,drift,12,22.41,12,9,NA,NA,NA,NA,NA,NA,NA,NA,NA,NA,NA,NA,NA,NA,NA,0.366,NA,-0.7,NA,NA
SWE49-44,SWE49,C,33,strain_14479,drift,10,20.46,12,9,NA,NA,NA,NA,NA,NA,NA,NA,NA,NA,NA,NA,NA,NA,NA,0.244,NA,3.64,NA,NA
SWE49-48,SWE49,C,33,strain_14479,control,12,21.98,12,0,NA,NA,NA,NA,NA,NA,NA,NA,NA,NA,NA,NA,NA,NA,NA,1.521,NA,-0.72,NA,NA
SWE49-7,SWE49,A,1,uninoculated,drift,12,18.55,12,3,NA,NA,NA,NA,NA,NA,NA,NA,NA,NA,NA,NA,NA,NA,NA,NA,NA,NA,NA,NA
SWE73-31,SWE73,B,42,uninoculated,full,12,21.25,12,6,Y,NA,NA,NA,NA,NA,NA,NA,NA,NA,NA,NA,NA,NA,NA,NA,NA,NA,NA,NA
SWE73-45,SWE73,C,42,uninoculated,full,33,23.38,33,33,Y,NA,NA,NA,NA,NA,NA,NA,NA,NA,NA,NA,NA,NA,NA,NA,NA,NA,NA,NA
TJK04-13,TJK04,A,7,strain_14479,drift,3,7.58,6,3,NA,NA,NA,NA,NA,NA,NA,NA,NA,NA,NA,NA,NA,NA,NA,NA,NA,NA,NA,NA
TJK04-17,TJK04,A,4,strain_4386,drift,6,8.92,6,6,NA,NA,NA,NA,NA,NA,NA,NA,NA,NA,NA,NA,NA,NA,NA,NA,NA,NA,NA,NA
TJK04-18,TJK04,A,4,strain_4386,control,6,18.8,6,0,NA,38,30,38,0,0,0,0,0,0,0,0,0,0,106,0.319,0.254,-0.86,1.624,9
TJK04-23,TJK04,A,9,uninoculated,control,6,11.76,6,0,NA,0,0,0,0,0,0,0,0,0,0,0,0,0,0,0.023,0.015,NA,NA,NA
TJK04-28,TJK04,A,9,uninoculated,drift,12,27.52,12,9,NA,NA,NA,NA,NA,NA,NA,NA,NA,NA,NA,NA,NA,NA,NA,NA,NA,NA,NA,NA
TJK04-33,TJK04,B,22,strain_4386,drift,9,10.46,9,3,NA,NA,NA,NA,NA,NA,NA,NA,NA,NA,NA,NA,NA,NA,NA,0.042,NA,1.65,NA,NA
TJK04-35,TJK04,B,12,uninoculated,drift,9,15.56,12,6,NA,NA,NA,NA,NA,NA,NA,NA,NA,NA,NA,NA,NA,NA,NA,NA,NA,NA,NA,NA
TJK04-36,TJK04,B,22,strain_4386,control,6,9.89,13,0,NA,NA,NA,NA,NA,NA,NA,NA,NA,NA,NA,NA,NA,NA,NA,0.088,NA,0.52,NA,NA
TJK04-39,TJK04,B,12,uninoculated,control,9,18.14,12,0,NA,NA,NA,NA,NA,NA,NA,NA,NA,NA,NA,NA,NA,NA,NA,0.189,NA,NA,NA,NA
TJK04-41,TJK04,B,22,strain_4386,drift,9,10.59,9,0,NA,NA,NA,NA,NA,NA,NA,NA,NA,NA,NA,NA,NA,NA,NA,0.199,NA,2.41,NA,NA
TJK04-47,TJK04,C,28,strain_14479,control,15,33.04,18,0,NA,NA,NA,NA,NA,NA,NA,NA,NA,NA,NA,NA,NA,NA,NA,2.637,NA,-0.18,NA,NA
TJK04-49,TJK04,C,34,uninoculated,control,21,37.41,24,0,NA,NA,NA,NA,NA,NA,NA,NA,NA,NA,NA,NA,NA,NA,NA,0.52,NA,NA,NA,NA
TJK04-52,TJK04,C,28,strain_14479,drift,12,25.05,12,3,NA,NA,NA,NA,NA,NA,NA,NA,NA,NA,NA,NA,NA,NA,NA,0.355,NA,0.69,NA,NA
TJK04-53,TJK04,C,34,uninoculated,drift,15,31.09,15,3,NA,NA,NA,NA,NA,NA,NA,NA,NA,NA,NA,NA,NA,NA,NA,NA,NA,NA,NA,NA
TJK04-7,TJK04,A,7,strain_14479,control,12,24.03,12,0,NA,165,163,164,129,197,174,198,247,416,0,0,0,0,1853,1.825,0.734,-1.45,0.678,10
TUR37-10,TUR37,A,4,strain_4386,control,3,5.43,6,0,NA,3,0,0,0,0,0,0,0,0,0,0,0,0,3,0.0195,0.0014,-1,0.082,1
TUR37-14,TUR37,A,5,uninoculated,drift,12,4.32,9,0,NA,NA,NA,NA,NA,NA,NA,NA,NA,NA,NA,NA,NA,NA,NA,NA,NA,NA,NA,NA
TUR37-16,TUR37,A,5,uninoculated,control,9,15.68,9,0,NA,0,0,0,0,0,0,0,0,0,0,0,0,0,0,0.072,0.079,NA,NA,NA
TUR37-23,TUR37,A,6,strain_14479,control,9,11.87,12,6,NA,22,0,0,0,0,0,0,0,0,0,0,0,0,22,0.101,0.014,-0.61,1.275,10
TUR37-24,TUR37,A,6,strain_14479,control,12,18.19,15,0,NA,80,85,38,96,0,0,0,0,0,0,0,0,0,299,0.351,0.316,-0.9,1.248,10
TUR37-25,TUR37,A,4,strain_4386,drift,9,12.61,9,0,NA,0,0,0,0,0,0,0,0,0,0,0,0,0,0,0.048,0.021,-0.84,NA,NA
TUR37-32,TUR37,B,17,uninoculated,drift,9,8.67,12,6,NA,NA,NA,NA,NA,NA,NA,NA,NA,NA,NA,NA,NA,NA,NA,NA,NA,NA,NA,NA
TUR37-37,TUR37,B,15,strain_14479,control,6,12.67,10,0,NA,NA,NA,NA,NA,NA,NA,NA,NA,NA,NA,NA,NA,NA,NA,0.35,NA,0.8,NA,NA
TUR37-40,TUR37,B,15,strain_14479,drift,9,20.39,12,6,NA,NA,NA,NA,NA,NA,NA,NA,NA,NA,NA,NA,NA,NA,NA,0.202,NA,1.73,NA,NA
TUR37-41,TUR37,B,17,uninoculated,control,9,16.07,12,6,NA,NA,NA,NA,NA,NA,NA,NA,NA,NA,NA,NA,NA,NA,NA,0.114,NA,NA,NA,NA
TUR37-44,TUR37,C,35,strain_4386,drift,9,19.18,12,3,NA,NA,NA,NA,NA,NA,NA,NA,NA,NA,NA,NA,NA,NA,NA,0.27,NA,4.34,NA,NA
TUR37-47,TUR37,C,35,strain_4386,control,24,24.41,27,0,NA,NA,NA,NA,NA,NA,NA,NA,NA,NA,NA,NA,NA,NA,NA,1.068,NA,-0.23,NA,NA
TUR37-50,TUR37,C,35,strain_4386,drift,33,23.94,39,12,NA,NA,NA,NA,NA,NA,NA,NA,NA,NA,NA,NA,NA,NA,NA,NA,NA,NA,NA,NA
TUR37-52,TUR37,C,35,strain_4386,control,27,23.22,27,0,NA,NA,NA,NA,NA,NA,NA,NA,NA,NA,NA,NA,NA,NA,NA,0.479,NA,0.07,NA,NA
TUR37-8,TUR37,A,6,strain_14479,drift,9,11.6,9,9,NA,NA,NA,NA,NA,NA,NA,NA,NA,NA,NA,NA,NA,NA,NA,NA,NA,NA,NA,NA
USA18-S10-46,USA18-S10,C,42,uninoculated,full,12,18.71,15,15,Y,NA,NA,NA,NA,NA,NA,NA,NA,NA,NA,NA,NA,NA,NA,NA,NA,NA,NA,NA
USA18-S10-50,USA18-S10,C,42,uninoculated,full,19,25.46,21,15,Y,NA,NA,NA,NA,NA,NA,NA,NA,NA,NA,NA,NA,NA,NA,NA,NA,NA,NA,NA
USA18-S10-53,USA18-S10,C,42,uninoculated,full,16,25.11,15,15,Y,NA,NA,NA,NA,NA,NA,NA,NA,NA,NA,NA,NA,NA,NA,NA,NA,NA,NA,NA
USA18-S33A-17,USA18-S33A,A,4,strain_4386,control,12,21.76,9,0,NA,57,26,12,0,0,0,0,0,0,0,0,0,0,95,0.419,0.311,-1.14,2.528,10
USA18-S33A-20,USA18-S33A,A,4,strain_4386,drift,9,20.21,9,6,NA,0,3,2,0,0,0,0,0,0,0,0,0,0,5,0.11,0.137,1.35,0.58,2
USA18-S33A-27,USA18-S33A,A,1,uninoculated,control,9,15.99,9,0,NA,0,0,0,0,0,0,0,0,0,0,0,0,0,0,0.08,0.049,NA,NA,NA
USA18-S33A-35,USA18-S33A,B,23,strain_4386,control,3,6.67,6,0,NA,NA,NA,NA,NA,NA,NA,NA,NA,NA,NA,NA,NA,NA,NA,0.019,NA,-1.21,NA,NA
USA18-S33A-36,USA18-S33A,B,23,strain_4386,drift,3,5.32,3,0,NA,NA,NA,NA,NA,NA,NA,NA,NA,NA,NA,NA,NA,NA,NA,NA,NA,NA,NA,NA
USA18-S33A-38,USA18-S33A,B,21,uninoculated,drift,6,7.4,3,0,NA,NA,NA,NA,NA,NA,NA,NA,NA,NA,NA,NA,NA,NA,NA,NA,NA,NA,NA,NA
USA18-S33A-41,USA18-S33A,B,21,uninoculated,control,9,9.8,9,2,NA,NA,NA,NA,NA,NA,NA,NA,NA,NA,NA,NA,NA,NA,NA,0.044,NA,NA,NA,NA
USA18-S33A-47,USA18-S33A,C,30,uninoculated,drift,21,28.14,21,9,NA,NA,NA,NA,NA,NA,NA,NA,NA,NA,NA,NA,NA,NA,NA,0.692,NA,NA,NA,NA